"nid","Title","Path","Body"
1,Contact,contact-us,"Lorem ipsum dolor sit amet, consectetuer adipiscing elit. Sed eu dui. Phasellus eget orci volutpat sem accumsan condimentum. Etiam lobortis facilisis sem. Aliquam pede erat, sagittis sed, bibendum ac, consequat sed, arcu. Fusce placerat bibendum risus. Maecenas semper adipiscing purus. Lorem ipsum dolor sit amet, consectetuer adipiscing elit."
2,About,about-us,"Lorem ipsum dolor sit amet, consectetuer adipiscing elit. Sed eu dui. Phasellus eget orci volutpat sem accumsan condimentum. Etiam lobortis facilisis sem. Aliquam pede erat, sagittis sed, bibendum ac, consequat sed, arcu. Fusce placerat bibendum risus. Maecenas semper adipiscing purus. Lorem ipsum dolor sit amet, consectetuer adipiscing elit."
3,Terms of Use,terms-of-use,"Lorem ipsum dolor sit amet, consectetuer adipiscing elit. Sed eu dui. Phasellus eget orci volutpat sem accumsan condimentum. Etiam lobortis facilisis sem. Aliquam pede erat, sagittis sed, bibendum ac, consequat sed, arcu. Fusce placerat bibendum risus. Maecenas semper adipiscing purus. Lorem ipsum dolor sit amet, consectetuer adipiscing elit."
4,Payment,payment,"Lorem ipsum dolor sit amet, consectetuer adipiscing elit. Sed eu dui. Phasellus eget orci volutpat sem accumsan condimentum. Etiam lobortis facilisis sem. Aliquam pede erat, sagittis sed, bibendum ac, consequat sed, arcu. Fusce placerat bibendum risus. Maecenas semper adipiscing purus. Lorem ipsum dolor sit amet, consectetuer adipiscing elit."
5,Shipping fees,shipping-fees,"Lorem ipsum dolor sit amet, consectetuer adipiscing elit. Sed eu dui. Phasellus eget orci volutpat sem accumsan condimentum. Etiam lobortis facilisis sem. Aliquam pede erat, sagittis sed, bibendum ac, consequat sed, arcu. Fusce placerat bibendum risus. Maecenas semper adipiscing purus. Lorem ipsum dolor sit amet, consectetuer adipiscing elit."
6,Press links,press-links,"Lorem ipsum dolor sit amet, consectetuer adipiscing elit. Sed eu dui. Phasellus eget orci volutpat sem accumsan condimentum. Etiam lobortis facilisis sem. Aliquam pede erat, sagittis sed, bibendum ac, consequat sed, arcu. Fusce placerat bibendum risus. Maecenas semper adipiscing purus. Lorem ipsum dolor sit amet, consectetuer adipiscing elit."
7,Service agreements,service-agreements,"Lorem ipsum dolor sit amet, consectetuer adipiscing elit. Sed eu dui. Phasellus eget orci volutpat sem accumsan condimentum. Etiam lobortis facilisis sem. Aliquam pede erat, sagittis sed, bibendum ac, consequat sed, arcu. Fusce placerat bibendum risus. Maecenas semper adipiscing purus. Lorem ipsum dolor sit amet, consectetuer adipiscing elit."
8,Our security policy,our-security-policy,"Lorem ipsum dolor sit amet, consectetuer adipiscing elit. Sed eu dui. Phasellus eget orci volutpat sem accumsan condimentum. Etiam lobortis facilisis sem. Aliquam pede erat, sagittis sed, bibendum ac, consequat sed, arcu. Fusce placerat bibendum risus. Maecenas semper adipiscing purus. Lorem ipsum dolor sit amet, consectetuer adipiscing elit."
9,403 error,403-error,"Access denied"
10,404 error,404-error,"Not found"
